<?xml version="1.0" encoding="UTF-8"?>
<root>
    <dia>
            <fecha>1253916000.0</fecha>
            <desayunodespues>169</desayunodespues>
            <desayunoantes>200</desayunoantes>
            <almuerzodespues>69</almuerzodespues>
            <almuerzoantes>262</almuerzoantes>
            <cenadespues>231</cenadespues>
            <cenaantes>98</cenaantes>
    </dia>
    <dia>
            <fecha>1254002400.0</fecha>
            <desayunodespues>115</desayunodespues>
            <desayunoantes>140</desayunoantes>
            <almuerzodespues>192</almuerzodespues>
            <almuerzoantes>226</almuerzoantes>
            <cenadespues>200</cenadespues>
            <cenaantes>201</cenaantes>
    </dia>
    <dia>
            <fecha>1254088800.0</fecha>
            <desayunodespues>142</desayunodespues>
            <desayunoantes>187</desayunoantes>
            <almuerzodespues>34</almuerzodespues>
            <almuerzoantes>297</almuerzoantes>
            <cenadespues>235</cenadespues>
            <cenaantes>99</cenaantes>
    </dia>
    <dia>
            <fecha>1254175200.0</fecha>
            <desayunodespues>63</desayunodespues>
            <desayunoantes>183</desayunoantes>
            <almuerzodespues>213</almuerzodespues>
            <almuerzoantes>179</almuerzoantes>
            <cenadespues>163</cenadespues>
            <cenaantes>279</cenaantes>
    </dia>
    <dia>
            <fecha>1254261600.0</fecha>
            <desayunodespues>198</desayunodespues>
            <desayunoantes>328</desayunoantes>
            <almuerzodespues>125</almuerzodespues>
            <almuerzoantes>50</almuerzoantes>
            <cenadespues>313</cenadespues>
            <cenaantes>149</cenaantes>
    </dia>
    <dia>
            <fecha>1254348000.0</fecha>
            <desayunodespues>50</desayunodespues>
            <desayunoantes>303</desayunoantes>
            <almuerzodespues>252</almuerzodespues>
            <almuerzoantes>143</almuerzoantes>
            <cenadespues>169</cenadespues>
            <cenaantes>210</cenaantes>
    </dia>
    <dia>
            <fecha>1254434400.0</fecha>
            <desayunodespues>119</desayunodespues>
            <desayunoantes>75</desayunoantes>
            <almuerzodespues>172</almuerzodespues>
            <almuerzoantes>165</almuerzoantes>
            <cenadespues>89</cenadespues>
            <cenaantes>251</cenaantes>
    </dia>
    <dia>
            <fecha>1254520800.0</fecha>
            <desayunodespues>100</desayunodespues>
            <desayunoantes>89</desayunoantes>
            <almuerzodespues>192</almuerzodespues>
            <almuerzoantes>203</almuerzoantes>
            <cenadespues>200</cenadespues>
            <cenaantes>175</cenaantes>
    </dia>
    <dia>
            <fecha>1254607200.0</fecha>
            <desayunodespues>261</desayunodespues>
            <desayunoantes>240</desayunoantes>
            <almuerzodespues>287</almuerzodespues>
            <almuerzoantes>151</almuerzoantes>
            <cenadespues>100</cenadespues>
            <cenaantes>100</cenaantes>
    </dia>
    <dia>
            <fecha>1254693600.0</fecha>
            <desayunodespues>160</desayunodespues>
            <desayunoantes>131</desayunoantes>
            <almuerzodespues>110</almuerzodespues>
            <almuerzoantes>153</almuerzoantes>
            <cenadespues>203</cenadespues>
            <cenaantes>191</cenaantes>
    </dia>
    <dia>
            <fecha>1254780000.0</fecha>
            <desayunodespues>83</desayunodespues>
            <desayunoantes>100</desayunoantes>
            <almuerzodespues>362</almuerzodespues>
            <almuerzoantes>256</almuerzoantes>
            <cenadespues>79</cenadespues>
            <cenaantes>77</cenaantes>
    </dia>
    <dia>
            <fecha>1254866400.0</fecha>
            <desayunodespues>48</desayunodespues>
            <desayunoantes>196</desayunoantes>
            <almuerzodespues>285</almuerzodespues>
            <almuerzoantes>52</almuerzoantes>
            <cenadespues>100</cenadespues>
            <cenaantes>314</cenaantes>
    </dia>
    <dia>
            <fecha>1254952800.0</fecha>
            <desayunodespues>74</desayunodespues>
            <desayunoantes>151</desayunoantes>
            <almuerzodespues>68</almuerzodespues>
            <almuerzoantes>53</almuerzoantes>
            <cenadespues>115</cenadespues>
            <cenaantes>172</cenaantes>
    </dia>
    <dia>
            <fecha>1255039200.0</fecha>
            <desayunodespues>151</desayunodespues>
            <desayunoantes>63</desayunoantes>
            <almuerzodespues>209</almuerzodespues>
            <almuerzoantes>122</almuerzoantes>
            <cenadespues>159</cenadespues>
            <cenaantes>254</cenaantes>
    </dia>
    <dia>
            <fecha>1255125600.0</fecha>
            <desayunodespues>149</desayunodespues>
            <desayunoantes>93</desayunoantes>
            <almuerzodespues>137</almuerzodespues>
            <almuerzoantes>138</almuerzoantes>
            <cenadespues>269</cenadespues>
            <cenaantes>258</cenaantes>
    </dia>
    <dia>
            <fecha>1255212000.0</fecha>
            <desayunodespues>100</desayunodespues>
            <desayunoantes>106</desayunoantes>
            <almuerzodespues>171</almuerzodespues>
            <almuerzoantes>97</almuerzoantes>
            <cenadespues>321</cenadespues>
            <cenaantes>100</cenaantes>
    </dia>
    <dia>
            <fecha>1255298400.0</fecha>
            <desayunodespues>34</desayunodespues>
            <desayunoantes>133</desayunoantes>
            <almuerzodespues>61</almuerzodespues>
            <almuerzoantes>47</almuerzoantes>
            <cenadespues>159</cenadespues>
            <cenaantes>100</cenaantes>
    </dia>
    <dia>
            <fecha>1255384800.0</fecha>
            <desayunodespues>78</desayunodespues>
            <desayunoantes>175</desayunoantes>
            <almuerzodespues>159</almuerzodespues>
            <almuerzoantes>166</almuerzoantes>
            <cenadespues>201</cenadespues>
            <cenaantes>64</cenaantes>
    </dia>
    <dia>
            <fecha>1255471200.0</fecha>
            <desayunodespues>158</desayunodespues>
            <desayunoantes>213</desayunoantes>
            <almuerzodespues>45</almuerzodespues>
            <almuerzoantes>44</almuerzoantes>
            <cenadespues>283</cenadespues>
            <cenaantes>100</cenaantes>
    </dia>
    <dia>
            <fecha>1255557600.0</fecha>
            <desayunodespues>149</desayunodespues>
            <desayunoantes>74</desayunoantes>
            <almuerzodespues>41</almuerzodespues>
            <almuerzoantes>148</almuerzoantes>
            <cenadespues>338</cenadespues>
            <cenaantes>171</cenaantes>
    </dia>
    <dia>
            <fecha>1255644000.0</fecha>
            <desayunodespues>48</desayunodespues>
            <desayunoantes>244</desayunoantes>
            <almuerzodespues>71</almuerzodespues>
            <almuerzoantes>98</almuerzoantes>
            <cenadespues>156</cenadespues>
            <cenaantes>200</cenaantes>
    </dia>
    <dia>
            <fecha>1255730400.0</fecha>
            <desayunodespues>190</desayunodespues>
            <desayunoantes>109</desayunoantes>
            <almuerzodespues>43</almuerzodespues>
            <almuerzoantes>289</almuerzoantes>
            <cenadespues>268</cenadespues>
            <cenaantes>59</cenaantes>
    </dia>
    <dia>
            <fecha>1255816800.0</fecha>
            <desayunodespues>144</desayunodespues>
            <desayunoantes>70</desayunoantes>
            <almuerzodespues>130</almuerzodespues>
            <almuerzoantes>39</almuerzoantes>
            <cenadespues>278</cenadespues>
            <cenaantes>100</cenaantes>
    </dia>
    <dia>
            <fecha>1255903200.0</fecha>
            <desayunodespues>49</desayunodespues>
            <desayunoantes>137</desayunoantes>
            <almuerzodespues>190</almuerzodespues>
            <almuerzoantes>248</almuerzoantes>
            <cenadespues>216</cenadespues>
            <cenaantes>52</cenaantes>
    </dia>
    <dia>
            <fecha>1255989600.0</fecha>
            <desayunodespues>76</desayunodespues>
            <desayunoantes>251</desayunoantes>
            <almuerzodespues>186</almuerzodespues>
            <almuerzoantes>42</almuerzoantes>
            <cenadespues>272</cenadespues>
            <cenaantes>100</cenaantes>
    </dia>
    <dia>
            <fecha>1256076000.0</fecha>
            <desayunodespues>268</desayunodespues>
            <desayunoantes>44</desayunoantes>
            <almuerzodespues>177</almuerzodespues>
            <almuerzoantes>128</almuerzoantes>
            <cenadespues>221</cenadespues>
            <cenaantes>282</cenaantes>
    </dia>
    <dia>
            <fecha>1256162400.0</fecha>
            <desayunodespues>235</desayunodespues>
            <desayunoantes>187</desayunoantes>
            <almuerzodespues>184</almuerzodespues>
            <almuerzoantes>154</almuerzoantes>
            <cenadespues>192</cenadespues>
            <cenaantes>72</cenaantes>
    </dia>
    <dia>
            <fecha>1256248800.0</fecha>
            <desayunodespues>233</desayunodespues>
            <desayunoantes>206</desayunoantes>
            <almuerzodespues>96</almuerzodespues>
            <almuerzoantes>54</almuerzoantes>
            <cenadespues>258</cenadespues>
            <cenaantes>187</cenaantes>
    </dia>
</root>